dataset,axis,level,unit,group,dist_bin,n_objects,n_points_fixed,hit_ratio_fixed,n_points_template,hit_ratio_template
nuscenes_mini_subset,yaw,0.0,deg,all,all,1138,18008,0.9992,18008,0.9992
nuscenes_mini_subset,yaw,0.5,deg,all,all,1138,18008,0.9765,18068,0.9842
nuscenes_mini_subset,yaw,1.0,deg,all,all,1138,18008,0.9223,18082,0.9384
nuscenes_mini_subset,yaw,2.0,deg,all,all,1138,18008,0.8045,18149,0.8364
nuscenes_mini_subset,yaw,3.0,deg,all,all,1138,18008,0.6971,18187,0.7422
nuscenes_mini_subset,yaw,0.0,deg,cyclist,all,51,194,1.0,194,1.0
nuscenes_mini_subset,yaw,0.0,deg,pedestrian,all,367,1461,0.9986,1461,0.9986
nuscenes_mini_subset,yaw,0.0,deg,vehicle,all,720,16353,0.9993,16353,0.9993
nuscenes_mini_subset,yaw,0.5,deg,cyclist,all,51,194,0.8866,187,0.9198
nuscenes_mini_subset,yaw,0.5,deg,pedestrian,all,367,1461,0.8987,1482,0.9028
nuscenes_mini_subset,yaw,0.5,deg,vehicle,all,720,16353,0.9845,16399,0.9923
nuscenes_mini_subset,yaw,1.0,deg,cyclist,all,51,194,0.6804,180,0.7333
nuscenes_mini_subset,yaw,1.0,deg,pedestrian,all,367,1461,0.6153,1487,0.6247
nuscenes_mini_subset,yaw,1.0,deg,vehicle,all,720,16353,0.9525,16415,0.9691
nuscenes_mini_subset,yaw,2.0,deg,cyclist,all,51,194,0.3505,177,0.4011
nuscenes_mini_subset,yaw,2.0,deg,pedestrian,all,367,1461,0.2375,1475,0.2414
nuscenes_mini_subset,yaw,2.0,deg,vehicle,all,720,16353,0.8605,16497,0.8942
nuscenes_mini_subset,yaw,3.0,deg,cyclist,all,51,194,0.1186,181,0.1381
nuscenes_mini_subset,yaw,3.0,deg,pedestrian,all,367,1461,0.1006,1450,0.1021
nuscenes_mini_subset,yaw,3.0,deg,vehicle,all,720,16353,0.7572,16556,0.8049
nuscenes_mini_subset,yaw,0.0,deg,all,0-15m,94,9388,0.9995,9388,0.9995
nuscenes_mini_subset,yaw,0.0,deg,all,15-30m,422,7008,0.9989,7008,0.9989
nuscenes_mini_subset,yaw,0.0,deg,all,>30m,622,1612,0.9994,1612,0.9994
nuscenes_mini_subset,yaw,0.5,deg,all,0-15m,94,9388,0.9858,9427,0.9968
nuscenes_mini_subset,yaw,0.5,deg,all,15-30m,422,7008,0.9802,7024,0.9846
nuscenes_mini_subset,yaw,0.5,deg,all,>30m,622,1612,0.9063,1617,0.9085
nuscenes_mini_subset,yaw,1.0,deg,all,0-15m,94,9388,0.9622,9433,0.9856
nuscenes_mini_subset,yaw,1.0,deg,all,15-30m,422,7008,0.9121,7034,0.9212
nuscenes_mini_subset,yaw,1.0,deg,all,>30m,622,1612,0.7339,1615,0.7375
nuscenes_mini_subset,yaw,2.0,deg,all,0-15m,94,9388,0.8854,9482,0.9308
nuscenes_mini_subset,yaw,2.0,deg,all,15-30m,422,7008,0.7618,7060,0.7802
nuscenes_mini_subset,yaw,2.0,deg,all,>30m,622,1612,0.5186,1607,0.5258
nuscenes_mini_subset,yaw,3.0,deg,all,0-15m,94,9388,0.8009,9551,0.8612
nuscenes_mini_subset,yaw,3.0,deg,all,15-30m,422,7008,0.6391,7036,0.6697
nuscenes_mini_subset,yaw,3.0,deg,all,>30m,622,1612,0.3443,1600,0.3512
nuscenes_mini_subset,yaw,0.0,deg,cyclist,0-15m,1,25,1.0,25,1.0
nuscenes_mini_subset,yaw,0.0,deg,cyclist,15-30m,22,122,1.0,122,1.0
nuscenes_mini_subset,yaw,0.0,deg,cyclist,>30m,28,47,1.0,47,1.0
nuscenes_mini_subset,yaw,0.0,deg,pedestrian,0-15m,27,453,1.0,453,1.0
nuscenes_mini_subset,yaw,0.0,deg,pedestrian,15-30m,173,735,0.9986,735,0.9986
nuscenes_mini_subset,yaw,0.0,deg,pedestrian,>30m,167,273,0.9963,273,0.9963
nuscenes_mini_subset,yaw,0.0,deg,vehicle,0-15m,66,8910,0.9994,8910,0.9994
nuscenes_mini_subset,yaw,0.0,deg,vehicle,15-30m,227,6151,0.9989,6151,0.9989
nuscenes_mini_subset,yaw,0.0,deg,vehicle,>30m,427,1292,1.0,1292,1.0
nuscenes_mini_subset,yaw,0.5,deg,cyclist,0-15m,1,25,0.72,18,1.0
nuscenes_mini_subset,yaw,0.5,deg,cyclist,15-30m,22,122,0.9836,122,0.9836
nuscenes_mini_subset,yaw,0.5,deg,cyclist,>30m,28,47,0.7234,47,0.7234
nuscenes_mini_subset,yaw,0.5,deg,pedestrian,0-15m,27,453,1.0,460,0.9978
nuscenes_mini_subset,yaw,0.5,deg,pedestrian,15-30m,173,735,0.9211,741,0.9312
nuscenes_mini_subset,yaw,0.5,deg,pedestrian,>30m,167,273,0.6703,281,0.6726
nuscenes_mini_subset,yaw,0.5,deg,vehicle,0-15m,66,8910,0.9859,8949,0.9968
nuscenes_mini_subset,yaw,0.5,deg,vehicle,15-30m,227,6151,0.9872,6161,0.9911
nuscenes_mini_subset,yaw,0.5,deg,vehicle,>30m,427,1292,0.9628,1289,0.9666
nuscenes_mini_subset,yaw,1.0,deg,cyclist,0-15m,1,25,0.44,11,1.0
nuscenes_mini_subset,yaw,1.0,deg,cyclist,15-30m,22,122,0.8443,122,0.8443
nuscenes_mini_subset,yaw,1.0,deg,cyclist,>30m,28,47,0.383,47,0.383
nuscenes_mini_subset,yaw,1.0,deg,pedestrian,0-15m,27,453,0.9603,464,0.9655
nuscenes_mini_subset,yaw,1.0,deg,pedestrian,15-30m,173,735,0.5741,742,0.5916
nuscenes_mini_subset,yaw,1.0,deg,pedestrian,>30m,167,273,0.1538,281,0.1495
nuscenes_mini_subset,yaw,1.0,deg,vehicle,0-15m,66,8910,0.9637,8958,0.9866
nuscenes_mini_subset,yaw,1.0,deg,vehicle,15-30m,227,6151,0.9538,6170,0.9624
nuscenes_mini_subset,yaw,1.0,deg,vehicle,>30m,427,1292,0.8692,1287,0.8788
nuscenes_mini_subset,yaw,2.0,deg,cyclist,0-15m,1,25,0.04,1,1.0
nuscenes_mini_subset,yaw,2.0,deg,cyclist,15-30m,22,122,0.4836,129,0.4806
nuscenes_mini_subset,yaw,2.0,deg,cyclist,>30m,28,47,0.1702,47,0.1702
nuscenes_mini_subset,yaw,2.0,deg,pedestrian,0-15m,27,453,0.6932,458,0.6987
nuscenes_mini_subset,yaw,2.0,deg,pedestrian,15-30m,173,735,0.0449,738,0.0488
nuscenes_mini_subset,yaw,2.0,deg,pedestrian,>30m,167,273,0.0,279,0.0
nuscenes_mini_subset,yaw,2.0,deg,vehicle,0-15m,66,8910,0.8975,9023,0.9426
nuscenes_mini_subset,yaw,2.0,deg,vehicle,15-30m,227,6151,0.853,6193,0.8736
nuscenes_mini_subset,yaw,2.0,deg,vehicle,>30m,427,1292,0.6409,1281,0.6534
nuscenes_mini_subset,yaw,3.0,deg,cyclist,0-15m,1,25,0.0,0,
nuscenes_mini_subset,yaw,3.0,deg,cyclist,15-30m,22,122,0.1721,134,0.1716
nuscenes_mini_subset,yaw,3.0,deg,cyclist,>30m,28,47,0.0426,47,0.0426
nuscenes_mini_subset,yaw,3.0,deg,pedestrian,0-15m,27,453,0.3245,452,0.3274
nuscenes_mini_subset,yaw,3.0,deg,pedestrian,15-30m,173,735,0.0,719,0.0
nuscenes_mini_subset,yaw,3.0,deg,pedestrian,>30m,167,273,0.0,279,0.0
nuscenes_mini_subset,yaw,3.0,deg,vehicle,0-15m,66,8910,0.8274,9099,0.8877
nuscenes_mini_subset,yaw,3.0,deg,vehicle,15-30m,227,6151,0.7248,6183,0.7584
nuscenes_mini_subset,yaw,3.0,deg,vehicle,>30m,427,1292,0.428,1274,0.4396
