degradation,value,yaw_deg,object_points,hits,flag_rate,hit_ratio
gaussian_noise,0.0,0.0,40105,39930,0.05,0.9956
gaussian_noise,0.0,0.5,40105,38987,0.5,0.9721
gaussian_noise,0.0,1.0,40105,37250,0.7,0.9288
gaussian_noise,0.02,0.0,39654,39480,0.05,0.9956
gaussian_noise,0.02,0.5,39654,38539,0.5,0.9719
gaussian_noise,0.02,1.0,39654,36794,0.65,0.9279
gaussian_noise,0.05,0.0,38321,38118,0.05,0.9947
gaussian_noise,0.05,0.5,38321,37198,0.45,0.9707
gaussian_noise,0.05,1.0,38321,35573,0.65,0.9283
gaussian_noise,0.1,0.0,35642,35421,0.05,0.9938
gaussian_noise,0.1,0.5,35642,34557,0.45,0.9696
gaussian_noise,0.1,1.0,35642,33095,0.7,0.9285
random_dropout,0.3,0.0,12014,11961,0.05,0.9956
random_dropout,0.3,0.5,12014,11701,0.5,0.9739
random_dropout,0.3,1.0,12014,11182,0.7,0.9307
random_dropout,0.5,0.0,20045,19962,0.05,0.9959
random_dropout,0.5,0.5,20045,19508,0.5,0.9732
random_dropout,0.5,1.0,20045,18633,0.7,0.9296
random_dropout,0.7,0.0,28025,27907,0.05,0.9958
random_dropout,0.7,0.5,28025,27244,0.5,0.9721
random_dropout,0.7,1.0,28025,26044,0.7,0.9293
random_dropout,1.0,0.0,40105,39930,0.05,0.9956
random_dropout,1.0,0.5,40105,38987,0.5,0.9721
random_dropout,1.0,1.0,40105,37250,0.7,0.9288
