frame,degradation,param,value,yaw_deg,object_points,hits,hit_ratio
000001,random_dropout,keep_ratio,1.0,0.0,97,97,1.0
000001,random_dropout,keep_ratio,1.0,0.5,97,72,0.7423
000001,random_dropout,keep_ratio,1.0,1.0,97,41,0.4227
000001,random_dropout,keep_ratio,0.7,0.0,70,70,1.0
000001,random_dropout,keep_ratio,0.7,0.5,70,52,0.7429
000001,random_dropout,keep_ratio,0.7,1.0,70,28,0.4
000001,random_dropout,keep_ratio,0.5,0.0,50,50,1.0
000001,random_dropout,keep_ratio,0.5,0.5,50,39,0.78
000001,random_dropout,keep_ratio,0.5,1.0,50,18,0.36
000001,random_dropout,keep_ratio,0.3,0.0,31,31,1.0
000001,random_dropout,keep_ratio,0.3,0.5,31,23,0.7419
000001,random_dropout,keep_ratio,0.3,1.0,31,12,0.3871
000001,gaussian_noise,sigma_m,0.0,0.0,97,97,1.0
000001,gaussian_noise,sigma_m,0.0,0.5,97,72,0.7423
000001,gaussian_noise,sigma_m,0.0,1.0,97,41,0.4227
000001,gaussian_noise,sigma_m,0.02,0.0,95,95,1.0
000001,gaussian_noise,sigma_m,0.02,0.5,95,71,0.7474
000001,gaussian_noise,sigma_m,0.02,1.0,95,40,0.4211
000001,gaussian_noise,sigma_m,0.05,0.0,93,93,1.0
000001,gaussian_noise,sigma_m,0.05,0.5,93,72,0.7742
000001,gaussian_noise,sigma_m,0.05,1.0,93,41,0.4409
000001,gaussian_noise,sigma_m,0.1,0.0,83,83,1.0
000001,gaussian_noise,sigma_m,0.1,0.5,83,63,0.759
000001,gaussian_noise,sigma_m,0.1,1.0,83,37,0.4458
000004,random_dropout,keep_ratio,1.0,0.0,103,103,1.0
000004,random_dropout,keep_ratio,1.0,0.5,103,97,0.9417
000004,random_dropout,keep_ratio,1.0,1.0,103,82,0.7961
000004,random_dropout,keep_ratio,0.7,0.0,69,69,1.0
000004,random_dropout,keep_ratio,0.7,0.5,69,65,0.942
000004,random_dropout,keep_ratio,0.7,1.0,69,56,0.8116
000004,random_dropout,keep_ratio,0.5,0.0,48,48,1.0
000004,random_dropout,keep_ratio,0.5,0.5,48,44,0.9167
000004,random_dropout,keep_ratio,0.5,1.0,48,37,0.7708
000004,random_dropout,keep_ratio,0.3,0.0,33,33,1.0
000004,random_dropout,keep_ratio,0.3,0.5,33,31,0.9394
000004,random_dropout,keep_ratio,0.3,1.0,33,26,0.7879
000004,gaussian_noise,sigma_m,0.0,0.0,103,103,1.0
000004,gaussian_noise,sigma_m,0.0,0.5,103,97,0.9417
000004,gaussian_noise,sigma_m,0.0,1.0,103,82,0.7961
000004,gaussian_noise,sigma_m,0.02,0.0,103,103,1.0
000004,gaussian_noise,sigma_m,0.02,0.5,103,97,0.9417
000004,gaussian_noise,sigma_m,0.02,1.0,103,81,0.7864
000004,gaussian_noise,sigma_m,0.05,0.0,100,100,1.0
000004,gaussian_noise,sigma_m,0.05,0.5,100,95,0.95
000004,gaussian_noise,sigma_m,0.05,1.0,100,77,0.77
000004,gaussian_noise,sigma_m,0.1,0.0,92,92,1.0
000004,gaussian_noise,sigma_m,0.1,0.5,92,89,0.9674
000004,gaussian_noise,sigma_m,0.1,1.0,92,71,0.7717
000007,random_dropout,keep_ratio,1.0,0.0,240,240,1.0
000007,random_dropout,keep_ratio,1.0,0.5,240,212,0.8833
000007,random_dropout,keep_ratio,1.0,1.0,240,172,0.7167
000007,random_dropout,keep_ratio,0.7,0.0,164,164,1.0
000007,random_dropout,keep_ratio,0.7,0.5,164,143,0.872
000007,random_dropout,keep_ratio,0.7,1.0,164,122,0.7439
000007,random_dropout,keep_ratio,0.5,0.0,125,125,1.0
000007,random_dropout,keep_ratio,0.5,0.5,125,106,0.848
000007,random_dropout,keep_ratio,0.5,1.0,125,90,0.72
000007,random_dropout,keep_ratio,0.3,0.0,76,76,1.0
000007,random_dropout,keep_ratio,0.3,0.5,76,64,0.8421
000007,random_dropout,keep_ratio,0.3,1.0,76,57,0.75
000007,gaussian_noise,sigma_m,0.0,0.0,240,240,1.0
000007,gaussian_noise,sigma_m,0.0,0.5,240,212,0.8833
000007,gaussian_noise,sigma_m,0.0,1.0,240,172,0.7167
000007,gaussian_noise,sigma_m,0.02,0.0,232,232,1.0
000007,gaussian_noise,sigma_m,0.02,0.5,232,206,0.8879
000007,gaussian_noise,sigma_m,0.02,1.0,232,163,0.7026
000007,gaussian_noise,sigma_m,0.05,0.0,212,212,1.0
000007,gaussian_noise,sigma_m,0.05,0.5,212,189,0.8915
000007,gaussian_noise,sigma_m,0.05,1.0,212,152,0.717
000007,gaussian_noise,sigma_m,0.1,0.0,194,194,1.0
000007,gaussian_noise,sigma_m,0.1,0.5,194,170,0.8763
000007,gaussian_noise,sigma_m,0.1,1.0,194,141,0.7268
000008,random_dropout,keep_ratio,1.0,0.0,5127,5108,0.9963
000008,random_dropout,keep_ratio,1.0,0.5,5127,5067,0.9883
000008,random_dropout,keep_ratio,1.0,1.0,5127,4978,0.9709
000008,random_dropout,keep_ratio,0.7,0.0,3631,3617,0.9961
000008,random_dropout,keep_ratio,0.7,0.5,3631,3587,0.9879
000008,random_dropout,keep_ratio,0.7,1.0,3631,3528,0.9716
000008,random_dropout,keep_ratio,0.5,0.0,2588,2582,0.9977
000008,random_dropout,keep_ratio,0.5,0.5,2588,2562,0.99
000008,random_dropout,keep_ratio,0.5,1.0,2588,2517,0.9726
000008,random_dropout,keep_ratio,0.3,0.0,1544,1540,0.9974
000008,random_dropout,keep_ratio,0.3,0.5,1544,1530,0.9909
000008,random_dropout,keep_ratio,0.3,1.0,1544,1502,0.9728
000008,gaussian_noise,sigma_m,0.0,0.0,5127,5108,0.9963
000008,gaussian_noise,sigma_m,0.0,0.5,5127,5067,0.9883
000008,gaussian_noise,sigma_m,0.0,1.0,5127,4978,0.9709
000008,gaussian_noise,sigma_m,0.02,0.0,4970,4952,0.9964
000008,gaussian_noise,sigma_m,0.02,0.5,4970,4914,0.9887
000008,gaussian_noise,sigma_m,0.02,1.0,4970,4825,0.9708
000008,gaussian_noise,sigma_m,0.05,0.0,4610,4586,0.9948
000008,gaussian_noise,sigma_m,0.05,0.5,4610,4552,0.9874
000008,gaussian_noise,sigma_m,0.05,1.0,4610,4470,0.9696
000008,gaussian_noise,sigma_m,0.1,0.0,4130,4111,0.9954
000008,gaussian_noise,sigma_m,0.1,0.5,4130,4080,0.9879
000008,gaussian_noise,sigma_m,0.1,1.0,4130,4003,0.9692
000009,random_dropout,keep_ratio,1.0,0.0,224,224,1.0
000009,random_dropout,keep_ratio,1.0,0.5,224,207,0.9241
000009,random_dropout,keep_ratio,1.0,1.0,224,181,0.808
000009,random_dropout,keep_ratio,0.7,0.0,149,149,1.0
000009,random_dropout,keep_ratio,0.7,0.5,149,140,0.9396
000009,random_dropout,keep_ratio,0.7,1.0,149,122,0.8188
000009,random_dropout,keep_ratio,0.5,0.0,99,99,1.0
000009,random_dropout,keep_ratio,0.5,0.5,99,94,0.9495
000009,random_dropout,keep_ratio,0.5,1.0,99,81,0.8182
000009,random_dropout,keep_ratio,0.3,0.0,59,59,1.0
000009,random_dropout,keep_ratio,0.3,0.5,59,56,0.9492
000009,random_dropout,keep_ratio,0.3,1.0,59,47,0.7966
000009,gaussian_noise,sigma_m,0.0,0.0,224,224,1.0
000009,gaussian_noise,sigma_m,0.0,0.5,224,207,0.9241
000009,gaussian_noise,sigma_m,0.0,1.0,224,181,0.808
000009,gaussian_noise,sigma_m,0.02,0.0,211,211,1.0
000009,gaussian_noise,sigma_m,0.02,0.5,211,197,0.9336
000009,gaussian_noise,sigma_m,0.02,1.0,211,171,0.8104
000009,gaussian_noise,sigma_m,0.05,0.0,202,202,1.0
000009,gaussian_noise,sigma_m,0.05,0.5,202,186,0.9208
000009,gaussian_noise,sigma_m,0.05,1.0,202,161,0.797
000009,gaussian_noise,sigma_m,0.1,0.0,173,173,1.0
000009,gaussian_noise,sigma_m,0.1,0.5,173,158,0.9133
000009,gaussian_noise,sigma_m,0.1,1.0,173,139,0.8035
000010,random_dropout,keep_ratio,1.0,0.0,2064,2058,0.9971
000010,random_dropout,keep_ratio,1.0,0.5,2064,2051,0.9937
000010,random_dropout,keep_ratio,1.0,1.0,2064,1975,0.9569
000010,random_dropout,keep_ratio,0.7,0.0,1459,1455,0.9973
000010,random_dropout,keep_ratio,0.7,0.5,1459,1446,0.9911
000010,random_dropout,keep_ratio,0.7,1.0,1459,1395,0.9561
000010,random_dropout,keep_ratio,0.5,0.0,1082,1079,0.9972
000010,random_dropout,keep_ratio,0.5,0.5,1082,1074,0.9926
000010,random_dropout,keep_ratio,0.5,1.0,1082,1032,0.9538
000010,random_dropout,keep_ratio,0.3,0.0,679,676,0.9956
000010,random_dropout,keep_ratio,0.3,0.5,679,675,0.9941
000010,random_dropout,keep_ratio,0.3,1.0,679,647,0.9529
000010,gaussian_noise,sigma_m,0.0,0.0,2064,2058,0.9971
000010,gaussian_noise,sigma_m,0.0,0.5,2064,2051,0.9937
000010,gaussian_noise,sigma_m,0.0,1.0,2064,1975,0.9569
000010,gaussian_noise,sigma_m,0.02,0.0,2050,2042,0.9961
000010,gaussian_noise,sigma_m,0.02,0.5,2050,2034,0.9922
000010,gaussian_noise,sigma_m,0.02,1.0,2050,1959,0.9556
000010,gaussian_noise,sigma_m,0.05,0.0,1960,1948,0.9939
000010,gaussian_noise,sigma_m,0.05,0.5,1960,1945,0.9923
000010,gaussian_noise,sigma_m,0.05,1.0,1960,1876,0.9571
000010,gaussian_noise,sigma_m,0.1,0.0,1815,1811,0.9978
000010,gaussian_noise,sigma_m,0.1,0.5,1815,1801,0.9923
000010,gaussian_noise,sigma_m,0.1,1.0,1815,1742,0.9598
000011,random_dropout,keep_ratio,1.0,0.0,725,721,0.9945
000011,random_dropout,keep_ratio,1.0,0.5,725,634,0.8745
000011,random_dropout,keep_ratio,1.0,1.0,725,508,0.7007
000011,random_dropout,keep_ratio,0.7,0.0,509,506,0.9941
000011,random_dropout,keep_ratio,0.7,0.5,509,450,0.8841
000011,random_dropout,keep_ratio,0.7,1.0,509,363,0.7132
000011,random_dropout,keep_ratio,0.5,0.0,370,369,0.9973
000011,random_dropout,keep_ratio,0.5,0.5,370,329,0.8892
000011,random_dropout,keep_ratio,0.5,1.0,370,271,0.7324
000011,random_dropout,keep_ratio,0.3,0.0,215,215,1.0
000011,random_dropout,keep_ratio,0.3,0.5,215,197,0.9163
000011,random_dropout,keep_ratio,0.3,1.0,215,167,0.7767
000011,gaussian_noise,sigma_m,0.0,0.0,725,721,0.9945
000011,gaussian_noise,sigma_m,0.0,0.5,725,634,0.8745
000011,gaussian_noise,sigma_m,0.0,1.0,725,508,0.7007
000011,gaussian_noise,sigma_m,0.02,0.0,715,710,0.993
000011,gaussian_noise,sigma_m,0.02,0.5,715,624,0.8727
000011,gaussian_noise,sigma_m,0.02,1.0,715,504,0.7049
000011,gaussian_noise,sigma_m,0.05,0.0,676,671,0.9926
000011,gaussian_noise,sigma_m,0.05,0.5,676,593,0.8772
000011,gaussian_noise,sigma_m,0.05,1.0,676,476,0.7041
000011,gaussian_noise,sigma_m,0.1,0.0,591,581,0.9831
000011,gaussian_noise,sigma_m,0.1,0.5,591,514,0.8697
000011,gaussian_noise,sigma_m,0.1,1.0,591,400,0.6768
000012,random_dropout,keep_ratio,1.0,0.0,52,52,1.0
000012,random_dropout,keep_ratio,1.0,0.5,52,48,0.9231
000012,random_dropout,keep_ratio,1.0,1.0,52,34,0.6538
000012,random_dropout,keep_ratio,0.7,0.0,36,36,1.0
000012,random_dropout,keep_ratio,0.7,0.5,36,32,0.8889
000012,random_dropout,keep_ratio,0.7,1.0,36,24,0.6667
000012,random_dropout,keep_ratio,0.5,0.0,22,22,1.0
000012,random_dropout,keep_ratio,0.5,0.5,22,20,0.9091
000012,random_dropout,keep_ratio,0.5,1.0,22,14,0.6364
000012,random_dropout,keep_ratio,0.3,0.0,11,11,1.0
000012,random_dropout,keep_ratio,0.3,0.5,11,10,0.9091
000012,random_dropout,keep_ratio,0.3,1.0,11,8,0.7273
000012,gaussian_noise,sigma_m,0.0,0.0,52,52,1.0
000012,gaussian_noise,sigma_m,0.0,0.5,52,48,0.9231
000012,gaussian_noise,sigma_m,0.0,1.0,52,34,0.6538
000012,gaussian_noise,sigma_m,0.02,0.0,52,52,1.0
000012,gaussian_noise,sigma_m,0.02,0.5,52,47,0.9038
000012,gaussian_noise,sigma_m,0.02,1.0,52,34,0.6538
000012,gaussian_noise,sigma_m,0.05,0.0,50,50,1.0
000012,gaussian_noise,sigma_m,0.05,0.5,50,44,0.88
000012,gaussian_noise,sigma_m,0.05,1.0,50,33,0.66
000012,gaussian_noise,sigma_m,0.1,0.0,47,47,1.0
000012,gaussian_noise,sigma_m,0.1,0.5,47,42,0.8936
000012,gaussian_noise,sigma_m,0.1,1.0,47,30,0.6383
000015,random_dropout,keep_ratio,1.0,0.0,2227,2182,0.9798
000015,random_dropout,keep_ratio,1.0,0.5,2227,2042,0.9169
000015,random_dropout,keep_ratio,1.0,1.0,2227,1881,0.8446
000015,random_dropout,keep_ratio,0.7,0.0,1572,1536,0.9771
000015,random_dropout,keep_ratio,0.7,0.5,1572,1435,0.9128
000015,random_dropout,keep_ratio,0.7,1.0,1572,1326,0.8435
000015,random_dropout,keep_ratio,0.5,0.0,1115,1090,0.9776
000015,random_dropout,keep_ratio,0.5,0.5,1115,1021,0.9157
000015,random_dropout,keep_ratio,0.5,1.0,1115,939,0.8422
000015,random_dropout,keep_ratio,0.3,0.0,673,659,0.9792
000015,random_dropout,keep_ratio,0.3,0.5,673,622,0.9242
000015,random_dropout,keep_ratio,0.3,1.0,673,572,0.8499
000015,gaussian_noise,sigma_m,0.0,0.0,2227,2182,0.9798
000015,gaussian_noise,sigma_m,0.0,0.5,2227,2042,0.9169
000015,gaussian_noise,sigma_m,0.0,1.0,2227,1881,0.8446
000015,gaussian_noise,sigma_m,0.02,0.0,2213,2171,0.981
000015,gaussian_noise,sigma_m,0.02,0.5,2213,2021,0.9132
000015,gaussian_noise,sigma_m,0.02,1.0,2213,1865,0.8427
000015,gaussian_noise,sigma_m,0.05,0.0,2152,2106,0.9786
000015,gaussian_noise,sigma_m,0.05,0.5,2152,1969,0.915
000015,gaussian_noise,sigma_m,0.05,1.0,2152,1814,0.8429
000015,gaussian_noise,sigma_m,0.1,0.0,2028,1962,0.9675
000015,gaussian_noise,sigma_m,0.1,0.5,2028,1843,0.9088
000015,gaussian_noise,sigma_m,0.1,1.0,2028,1692,0.8343
000016,random_dropout,keep_ratio,1.0,0.0,3824,3819,0.9987
000016,random_dropout,keep_ratio,1.0,0.5,3824,3742,0.9786
000016,random_dropout,keep_ratio,1.0,1.0,3824,3630,0.9493
000016,random_dropout,keep_ratio,0.7,0.0,2656,2654,0.9992
000016,random_dropout,keep_ratio,0.7,0.5,2656,2604,0.9804
000016,random_dropout,keep_ratio,0.7,1.0,2656,2518,0.948
000016,random_dropout,keep_ratio,0.5,0.0,1919,1918,0.9995
000016,random_dropout,keep_ratio,0.5,0.5,1919,1876,0.9776
000016,random_dropout,keep_ratio,0.5,1.0,1919,1815,0.9458
000016,random_dropout,keep_ratio,0.3,0.0,1122,1121,0.9991
000016,random_dropout,keep_ratio,0.3,0.5,1122,1098,0.9786
000016,random_dropout,keep_ratio,0.3,1.0,1122,1054,0.9394
000016,gaussian_noise,sigma_m,0.0,0.0,3824,3819,0.9987
000016,gaussian_noise,sigma_m,0.0,0.5,3824,3742,0.9786
000016,gaussian_noise,sigma_m,0.0,1.0,3824,3630,0.9493
000016,gaussian_noise,sigma_m,0.02,0.0,3808,3805,0.9992
000016,gaussian_noise,sigma_m,0.02,0.5,3808,3729,0.9793
000016,gaussian_noise,sigma_m,0.02,1.0,3808,3618,0.9501
000016,gaussian_noise,sigma_m,0.05,0.0,3719,3714,0.9987
000016,gaussian_noise,sigma_m,0.05,0.5,3719,3632,0.9766
000016,gaussian_noise,sigma_m,0.05,1.0,3719,3534,0.9503
000016,gaussian_noise,sigma_m,0.1,0.0,3455,3449,0.9983
000016,gaussian_noise,sigma_m,0.1,0.5,3455,3378,0.9777
000016,gaussian_noise,sigma_m,0.1,1.0,3455,3273,0.9473
000019,random_dropout,keep_ratio,1.0,0.0,6228,6223,0.9992
000019,random_dropout,keep_ratio,1.0,0.5,6228,6113,0.9815
000019,random_dropout,keep_ratio,1.0,1.0,6228,5993,0.9623
000019,random_dropout,keep_ratio,0.7,0.0,4371,4368,0.9993
000019,random_dropout,keep_ratio,0.7,0.5,4371,4293,0.9822
000019,random_dropout,keep_ratio,0.7,1.0,4371,4215,0.9643
000019,random_dropout,keep_ratio,0.5,0.0,3143,3140,0.999
000019,random_dropout,keep_ratio,0.5,0.5,3143,3089,0.9828
000019,random_dropout,keep_ratio,0.5,1.0,3143,3031,0.9644
000019,random_dropout,keep_ratio,0.3,0.0,1910,1908,0.999
000019,random_dropout,keep_ratio,0.3,0.5,1910,1873,0.9806
000019,random_dropout,keep_ratio,0.3,1.0,1910,1837,0.9618
000019,gaussian_noise,sigma_m,0.0,0.0,6228,6223,0.9992
000019,gaussian_noise,sigma_m,0.0,0.5,6228,6113,0.9815
000019,gaussian_noise,sigma_m,0.0,1.0,6228,5993,0.9623
000019,gaussian_noise,sigma_m,0.02,0.0,6197,6191,0.999
000019,gaussian_noise,sigma_m,0.02,0.5,6197,6089,0.9826
000019,gaussian_noise,sigma_m,0.02,1.0,6197,5955,0.9609
000019,gaussian_noise,sigma_m,0.05,0.0,6072,6066,0.999
000019,gaussian_noise,sigma_m,0.05,0.5,6072,5961,0.9817
000019,gaussian_noise,sigma_m,0.05,1.0,6072,5820,0.9585
000019,gaussian_noise,sigma_m,0.1,0.0,5748,5747,0.9998
000019,gaussian_noise,sigma_m,0.1,0.5,5748,5646,0.9823
000019,gaussian_noise,sigma_m,0.1,1.0,5748,5513,0.9591
000021,random_dropout,keep_ratio,1.0,0.0,2605,2595,0.9962
000021,random_dropout,keep_ratio,1.0,0.5,2605,2600,0.9981
000021,random_dropout,keep_ratio,1.0,1.0,2605,2534,0.9727
000021,random_dropout,keep_ratio,0.7,0.0,1806,1801,0.9972
000021,random_dropout,keep_ratio,0.7,0.5,1806,1803,0.9983
000021,random_dropout,keep_ratio,0.7,1.0,1806,1751,0.9695
000021,random_dropout,keep_ratio,0.5,0.0,1295,1291,0.9969
000021,random_dropout,keep_ratio,0.5,0.5,1295,1294,0.9992
000021,random_dropout,keep_ratio,0.5,1.0,1295,1261,0.9737
000021,random_dropout,keep_ratio,0.3,0.0,781,777,0.9949
000021,random_dropout,keep_ratio,0.3,0.5,781,780,0.9987
000021,random_dropout,keep_ratio,0.3,1.0,781,759,0.9718
000021,gaussian_noise,sigma_m,0.0,0.0,2605,2595,0.9962
000021,gaussian_noise,sigma_m,0.0,0.5,2605,2600,0.9981
000021,gaussian_noise,sigma_m,0.0,1.0,2605,2534,0.9727
000021,gaussian_noise,sigma_m,0.02,0.0,2558,2551,0.9973
000021,gaussian_noise,sigma_m,0.02,0.5,2558,2551,0.9973
000021,gaussian_noise,sigma_m,0.02,1.0,2558,2486,0.9719
000021,gaussian_noise,sigma_m,0.05,0.0,2498,2491,0.9972
000021,gaussian_noise,sigma_m,0.05,0.5,2498,2491,0.9972
000021,gaussian_noise,sigma_m,0.05,1.0,2498,2438,0.976
000021,gaussian_noise,sigma_m,0.1,0.0,2337,2332,0.9979
000021,gaussian_noise,sigma_m,0.1,0.5,2337,2331,0.9974
000021,gaussian_noise,sigma_m,0.1,1.0,2337,2285,0.9777
000023,random_dropout,keep_ratio,1.0,0.0,107,107,1.0
000023,random_dropout,keep_ratio,1.0,0.5,107,84,0.785
000023,random_dropout,keep_ratio,1.0,1.0,107,50,0.4673
000023,random_dropout,keep_ratio,0.7,0.0,71,71,1.0
000023,random_dropout,keep_ratio,0.7,0.5,71,57,0.8028
000023,random_dropout,keep_ratio,0.7,1.0,71,30,0.4225
000023,random_dropout,keep_ratio,0.5,0.0,51,51,1.0
000023,random_dropout,keep_ratio,0.5,0.5,51,40,0.7843
000023,random_dropout,keep_ratio,0.5,1.0,51,22,0.4314
000023,random_dropout,keep_ratio,0.3,0.0,30,30,1.0
000023,random_dropout,keep_ratio,0.3,0.5,30,25,0.8333
000023,random_dropout,keep_ratio,0.3,1.0,30,14,0.4667
000023,gaussian_noise,sigma_m,0.0,0.0,107,107,1.0
000023,gaussian_noise,sigma_m,0.0,0.5,107,84,0.785
000023,gaussian_noise,sigma_m,0.0,1.0,107,50,0.4673
000023,gaussian_noise,sigma_m,0.02,0.0,104,104,1.0
000023,gaussian_noise,sigma_m,0.02,0.5,104,81,0.7788
000023,gaussian_noise,sigma_m,0.02,1.0,104,48,0.4615
000023,gaussian_noise,sigma_m,0.05,0.0,98,98,1.0
000023,gaussian_noise,sigma_m,0.05,0.5,98,74,0.7551
000023,gaussian_noise,sigma_m,0.05,1.0,98,46,0.4694
000023,gaussian_noise,sigma_m,0.1,0.0,89,89,1.0
000023,gaussian_noise,sigma_m,0.1,0.5,89,68,0.764
000023,gaussian_noise,sigma_m,0.1,1.0,89,44,0.4944
000025,random_dropout,keep_ratio,1.0,0.0,1686,1684,0.9988
000025,random_dropout,keep_ratio,1.0,0.5,1686,1645,0.9757
000025,random_dropout,keep_ratio,1.0,1.0,1686,1578,0.9359
000025,random_dropout,keep_ratio,0.7,0.0,1168,1167,0.9991
000025,random_dropout,keep_ratio,0.7,0.5,1168,1134,0.9709
000025,random_dropout,keep_ratio,0.7,1.0,1168,1094,0.9366
000025,random_dropout,keep_ratio,0.5,0.0,836,835,0.9988
000025,random_dropout,keep_ratio,0.5,0.5,836,815,0.9749
000025,random_dropout,keep_ratio,0.5,1.0,836,781,0.9342
000025,random_dropout,keep_ratio,0.3,0.0,507,506,0.998
000025,random_dropout,keep_ratio,0.3,0.5,507,496,0.9783
000025,random_dropout,keep_ratio,0.3,1.0,507,477,0.9408
000025,gaussian_noise,sigma_m,0.0,0.0,1686,1684,0.9988
000025,gaussian_noise,sigma_m,0.0,0.5,1686,1645,0.9757
000025,gaussian_noise,sigma_m,0.0,1.0,1686,1578,0.9359
000025,gaussian_noise,sigma_m,0.02,0.0,1693,1691,0.9988
000025,gaussian_noise,sigma_m,0.02,0.5,1693,1655,0.9776
000025,gaussian_noise,sigma_m,0.02,1.0,1693,1582,0.9344
000025,gaussian_noise,sigma_m,0.05,0.0,1662,1661,0.9994
000025,gaussian_noise,sigma_m,0.05,0.5,1662,1622,0.9759
000025,gaussian_noise,sigma_m,0.05,1.0,1662,1556,0.9362
000025,gaussian_noise,sigma_m,0.1,0.0,1540,1540,1.0
000025,gaussian_noise,sigma_m,0.1,0.5,1540,1504,0.9766
000025,gaussian_noise,sigma_m,0.1,1.0,1540,1443,0.937
000031,random_dropout,keep_ratio,1.0,0.0,3074,3074,1.0
000031,random_dropout,keep_ratio,1.0,0.5,3074,3040,0.9889
000031,random_dropout,keep_ratio,1.0,1.0,3074,2941,0.9567
000031,random_dropout,keep_ratio,0.7,0.0,2108,2108,1.0
000031,random_dropout,keep_ratio,0.7,0.5,2108,2085,0.9891
000031,random_dropout,keep_ratio,0.7,1.0,2108,2011,0.954
000031,random_dropout,keep_ratio,0.5,0.0,1522,1522,1.0
000031,random_dropout,keep_ratio,0.5,0.5,1522,1505,0.9888
000031,random_dropout,keep_ratio,0.5,1.0,1522,1452,0.954
000031,random_dropout,keep_ratio,0.3,0.0,918,918,1.0
000031,random_dropout,keep_ratio,0.3,0.5,918,907,0.988
000031,random_dropout,keep_ratio,0.3,1.0,918,875,0.9532
000031,gaussian_noise,sigma_m,0.0,0.0,3074,3074,1.0
000031,gaussian_noise,sigma_m,0.0,0.5,3074,3040,0.9889
000031,gaussian_noise,sigma_m,0.0,1.0,3074,2941,0.9567
000031,gaussian_noise,sigma_m,0.02,0.0,3050,3049,0.9997
000031,gaussian_noise,sigma_m,0.02,0.5,3050,3016,0.9889
000031,gaussian_noise,sigma_m,0.02,1.0,3050,2912,0.9548
000031,gaussian_noise,sigma_m,0.05,0.0,2983,2983,1.0
000031,gaussian_noise,sigma_m,0.05,0.5,2983,2955,0.9906
000031,gaussian_noise,sigma_m,0.05,1.0,2983,2865,0.9604
000031,gaussian_noise,sigma_m,0.1,0.0,2801,2801,1.0
000031,gaussian_noise,sigma_m,0.1,0.5,2801,2777,0.9914
000031,gaussian_noise,sigma_m,0.1,1.0,2801,2696,0.9625
000032,random_dropout,keep_ratio,1.0,0.0,4987,4985,0.9996
000032,random_dropout,keep_ratio,1.0,0.5,4987,4963,0.9952
000032,random_dropout,keep_ratio,1.0,1.0,4987,4873,0.9771
000032,random_dropout,keep_ratio,0.7,0.0,3475,3474,0.9997
000032,random_dropout,keep_ratio,0.7,0.5,3475,3457,0.9948
000032,random_dropout,keep_ratio,0.7,1.0,3475,3398,0.9778
000032,random_dropout,keep_ratio,0.5,0.0,2456,2456,1.0
000032,random_dropout,keep_ratio,0.5,0.5,2456,2442,0.9943
000032,random_dropout,keep_ratio,0.5,1.0,2456,2395,0.9752
000032,random_dropout,keep_ratio,0.3,0.0,1463,1463,1.0
000032,random_dropout,keep_ratio,0.3,0.5,1463,1455,0.9945
000032,random_dropout,keep_ratio,0.3,1.0,1463,1427,0.9754
000032,gaussian_noise,sigma_m,0.0,0.0,4987,4985,0.9996
000032,gaussian_noise,sigma_m,0.0,0.5,4987,4963,0.9952
000032,gaussian_noise,sigma_m,0.0,1.0,4987,4873,0.9771
000032,gaussian_noise,sigma_m,0.02,0.0,4948,4947,0.9998
000032,gaussian_noise,sigma_m,0.02,0.5,4948,4921,0.9945
000032,gaussian_noise,sigma_m,0.02,1.0,4948,4838,0.9778
000032,gaussian_noise,sigma_m,0.05,0.0,4815,4815,1.0
000032,gaussian_noise,sigma_m,0.05,0.5,4815,4785,0.9938
000032,gaussian_noise,sigma_m,0.05,1.0,4815,4708,0.9778
000032,gaussian_noise,sigma_m,0.1,0.0,4530,4528,0.9996
000032,gaussian_noise,sigma_m,0.1,0.5,4530,4499,0.9932
000032,gaussian_noise,sigma_m,0.1,1.0,4530,4432,0.9784
000043,random_dropout,keep_ratio,1.0,0.0,514,503,0.9786
000043,random_dropout,keep_ratio,1.0,0.5,514,419,0.8152
000043,random_dropout,keep_ratio,1.0,1.0,514,252,0.4903
000043,random_dropout,keep_ratio,0.7,0.0,357,348,0.9748
000043,random_dropout,keep_ratio,0.7,0.5,357,293,0.8207
000043,random_dropout,keep_ratio,0.7,1.0,357,176,0.493
000043,random_dropout,keep_ratio,0.5,0.0,259,251,0.9691
000043,random_dropout,keep_ratio,0.5,0.5,259,215,0.8301
000043,random_dropout,keep_ratio,0.5,1.0,259,136,0.5251
000043,random_dropout,keep_ratio,0.3,0.0,151,145,0.9603
000043,random_dropout,keep_ratio,0.3,0.5,151,127,0.8411
000043,random_dropout,keep_ratio,0.3,1.0,151,78,0.5166
000043,gaussian_noise,sigma_m,0.0,0.0,514,503,0.9786
000043,gaussian_noise,sigma_m,0.0,0.5,514,419,0.8152
000043,gaussian_noise,sigma_m,0.0,1.0,514,252,0.4903
000043,gaussian_noise,sigma_m,0.02,0.0,525,510,0.9714
000043,gaussian_noise,sigma_m,0.02,0.5,525,428,0.8152
000043,gaussian_noise,sigma_m,0.02,1.0,525,255,0.4857
000043,gaussian_noise,sigma_m,0.05,0.0,516,498,0.9651
000043,gaussian_noise,sigma_m,0.05,0.5,516,416,0.8062
000043,gaussian_noise,sigma_m,0.05,1.0,516,253,0.4903
000043,gaussian_noise,sigma_m,0.1,0.0,493,475,0.9635
000043,gaussian_noise,sigma_m,0.1,0.5,493,387,0.785
000043,gaussian_noise,sigma_m,0.1,1.0,493,252,0.5112
000048,random_dropout,keep_ratio,1.0,0.0,402,370,0.9204
000048,random_dropout,keep_ratio,1.0,0.5,402,286,0.7114
000048,random_dropout,keep_ratio,1.0,1.0,402,142,0.3532
000048,random_dropout,keep_ratio,0.7,0.0,276,258,0.9348
000048,random_dropout,keep_ratio,0.7,0.5,276,202,0.7319
000048,random_dropout,keep_ratio,0.7,1.0,276,95,0.3442
000048,random_dropout,keep_ratio,0.5,0.0,187,171,0.9144
000048,random_dropout,keep_ratio,0.5,0.5,187,137,0.7326
000048,random_dropout,keep_ratio,0.5,1.0,187,57,0.3048
000048,random_dropout,keep_ratio,0.3,0.0,101,91,0.901
000048,random_dropout,keep_ratio,0.3,0.5,101,67,0.6634
000048,random_dropout,keep_ratio,0.3,1.0,101,28,0.2772
000048,gaussian_noise,sigma_m,0.0,0.0,402,370,0.9204
000048,gaussian_noise,sigma_m,0.0,0.5,402,286,0.7114
000048,gaussian_noise,sigma_m,0.0,1.0,402,142,0.3532
000048,gaussian_noise,sigma_m,0.02,0.0,405,375,0.9259
000048,gaussian_noise,sigma_m,0.02,0.5,405,289,0.7136
000048,gaussian_noise,sigma_m,0.02,1.0,405,140,0.3457
000048,gaussian_noise,sigma_m,0.05,0.0,406,369,0.9089
000048,gaussian_noise,sigma_m,0.05,0.5,406,282,0.6946
000048,gaussian_noise,sigma_m,0.05,1.0,406,145,0.3571
000048,gaussian_noise,sigma_m,0.1,0.0,408,366,0.8971
000048,gaussian_noise,sigma_m,0.1,0.5,408,267,0.6544
000048,gaussian_noise,sigma_m,0.1,1.0,408,155,0.3799
000049,random_dropout,keep_ratio,1.0,0.0,4557,4523,0.9925
000049,random_dropout,keep_ratio,1.0,0.5,4557,4443,0.975
000049,random_dropout,keep_ratio,1.0,1.0,4557,4255,0.9337
000049,random_dropout,keep_ratio,0.7,0.0,3164,3142,0.993
000049,random_dropout,keep_ratio,0.7,0.5,3164,3078,0.9728
000049,random_dropout,keep_ratio,0.7,1.0,3164,2955,0.9339
000049,random_dropout,keep_ratio,0.5,0.0,2257,2242,0.9934
000049,random_dropout,keep_ratio,0.5,0.5,2257,2200,0.9747
000049,random_dropout,keep_ratio,0.5,1.0,2257,2112,0.9358
000049,random_dropout,keep_ratio,0.3,0.0,1352,1344,0.9941
000049,random_dropout,keep_ratio,0.3,0.5,1352,1317,0.9741
000049,random_dropout,keep_ratio,0.3,1.0,1352,1265,0.9357
000049,gaussian_noise,sigma_m,0.0,0.0,4557,4523,0.9925
000049,gaussian_noise,sigma_m,0.0,0.5,4557,4443,0.975
000049,gaussian_noise,sigma_m,0.0,1.0,4557,4255,0.9337
000049,gaussian_noise,sigma_m,0.02,0.0,4460,4425,0.9922
000049,gaussian_noise,sigma_m,0.02,0.5,4460,4347,0.9747
000049,gaussian_noise,sigma_m,0.02,1.0,4460,4167,0.9343
000049,gaussian_noise,sigma_m,0.05,0.0,4269,4227,0.9902
000049,gaussian_noise,sigma_m,0.05,0.5,4269,4152,0.9726
000049,gaussian_noise,sigma_m,0.05,1.0,4269,3995,0.9358
000049,gaussian_noise,sigma_m,0.1,0.0,3963,3915,0.9879
000049,gaussian_noise,sigma_m,0.1,0.5,3963,3852,0.972
000049,gaussian_noise,sigma_m,0.1,1.0,3963,3730,0.9412
000061,random_dropout,keep_ratio,1.0,0.0,1262,1262,1.0
000061,random_dropout,keep_ratio,1.0,0.5,1262,1222,0.9683
000061,random_dropout,keep_ratio,1.0,1.0,1262,1150,0.9113
000061,random_dropout,keep_ratio,0.7,0.0,914,914,1.0
000061,random_dropout,keep_ratio,0.7,0.5,914,888,0.9716
000061,random_dropout,keep_ratio,0.7,1.0,914,837,0.9158
000061,random_dropout,keep_ratio,0.5,0.0,621,621,1.0
000061,random_dropout,keep_ratio,0.5,0.5,621,606,0.9758
000061,random_dropout,keep_ratio,0.5,1.0,621,572,0.9211
000061,random_dropout,keep_ratio,0.3,0.0,358,358,1.0
000061,random_dropout,keep_ratio,0.3,0.5,358,348,0.9721
000061,random_dropout,keep_ratio,0.3,1.0,358,330,0.9218
000061,gaussian_noise,sigma_m,0.0,0.0,1262,1262,1.0
000061,gaussian_noise,sigma_m,0.0,0.5,1262,1222,0.9683
000061,gaussian_noise,sigma_m,0.0,1.0,1262,1150,0.9113
000061,gaussian_noise,sigma_m,0.02,0.0,1265,1264,0.9992
000061,gaussian_noise,sigma_m,0.02,0.5,1265,1222,0.966
000061,gaussian_noise,sigma_m,0.02,1.0,1265,1151,0.9099
000061,gaussian_noise,sigma_m,0.05,0.0,1228,1228,1.0
000061,gaussian_noise,sigma_m,0.05,0.5,1228,1183,0.9634
000061,gaussian_noise,sigma_m,0.05,1.0,1228,1113,0.9064
000061,gaussian_noise,sigma_m,0.1,0.0,1125,1125,1.0
000061,gaussian_noise,sigma_m,0.1,0.5,1125,1088,0.9671
000061,gaussian_noise,sigma_m,0.1,1.0,1125,1017,0.904
