threshold,yaw_deg,frames,flagged,flag_rate,missed_frames
0.98,0.0,20,3,0.15,
0.98,0.5,20,14,0.7,000008 000010 000019 000021 000031 000032
0.98,1.0,20,20,1.0,
0.98,2.0,20,20,1.0,
0.98,3.0,20,20,1.0,
0.95,0.0,20,1,0.05,
0.95,0.5,20,10,0.5,000008 000010 000016 000019 000021 000025 000031 000032 000049 000061
0.95,1.0,20,14,0.7,000008 000010 000019 000021 000031 000032
0.95,2.0,20,20,1.0,
0.95,3.0,20,20,1.0,
0.9,0.0,20,0,0.0,
0.9,0.5,20,6,0.3,000004 000008 000009 000010 000012 000015 000016 000019 000021 000025 000031 000032 000049 000061
0.9,1.0,20,10,0.5,000008 000010 000016 000019 000021 000025 000031 000032 000049 000061
0.9,2.0,20,16,0.8,000008 000019 000021 000032
0.9,3.0,20,20,1.0,
