dataset,frame,yaw_deg,edge_score,n_edge_points,hit_ratio
kitti_mini,000001,0.0,0.6446,665,1.0
kitti_mini,000001,0.25,0.6382,673,0.9072
kitti_mini,000001,0.5,0.6418,693,0.7423
kitti_mini,000001,1.0,0.6232,700,0.4227
kitti_mini,000001,2.0,0.5685,715,0.0722
kitti_mini,000004,0.0,0.4686,516,1.0
kitti_mini,000004,0.25,0.471,540,0.9903
kitti_mini,000004,0.5,0.4641,532,0.9417
kitti_mini,000004,1.0,0.446,551,0.7961
kitti_mini,000004,2.0,0.4186,577,0.5437
kitti_mini,000007,0.0,0.5026,530,1.0
kitti_mini,000007,0.25,0.4675,553,0.9625
kitti_mini,000007,0.5,0.4186,542,0.8833
kitti_mini,000007,1.0,0.434,550,0.7167
kitti_mini,000007,2.0,0.435,543,0.4125
kitti_mini,000008,0.0,0.6361,1172,0.9963
kitti_mini,000008,0.25,0.6267,1156,0.994
kitti_mini,000008,0.5,0.6152,1180,0.9883
kitti_mini,000008,1.0,0.5461,1147,0.9709
kitti_mini,000008,2.0,0.5089,1126,0.9185
kitti_mini,000009,0.0,0.4983,313,1.0
kitti_mini,000009,0.25,0.5005,314,0.9911
kitti_mini,000009,0.5,0.5032,310,0.9241
kitti_mini,000009,1.0,0.4728,323,0.808
kitti_mini,000009,2.0,0.4209,329,0.5357
kitti_mini,000010,0.0,0.566,506,0.9971
kitti_mini,000010,0.25,0.5669,507,0.999
kitti_mini,000010,0.5,0.5238,498,0.9937
kitti_mini,000010,1.0,0.4984,485,0.9569
kitti_mini,000010,2.0,0.4354,469,0.86
kitti_mini,000011,0.0,0.6967,485,0.9945
kitti_mini,000011,0.25,0.671,470,0.9531
kitti_mini,000011,0.5,0.6203,490,0.8745
kitti_mini,000011,1.0,0.5194,479,0.7007
kitti_mini,000011,2.0,0.4825,458,0.371
kitti_mini,000012,0.0,0.7763,403,1.0
kitti_mini,000012,0.25,0.7534,415,0.9808
kitti_mini,000012,0.5,0.6603,422,0.9231
kitti_mini,000012,1.0,0.5805,432,0.6538
kitti_mini,000012,2.0,0.5784,439,0.0962
kitti_mini,000015,0.0,0.7221,1576,0.9798
kitti_mini,000015,0.25,0.7112,1562,0.9542
kitti_mini,000015,0.5,0.7081,1563,0.9169
kitti_mini,000015,1.0,0.6991,1575,0.8446
kitti_mini,000015,2.0,0.6717,1584,0.7512
kitti_mini,000016,0.0,0.6376,424,0.9987
kitti_mini,000016,0.25,0.6172,403,0.9908
kitti_mini,000016,0.5,0.5835,403,0.9786
kitti_mini,000016,1.0,0.554,380,0.9493
kitti_mini,000016,2.0,0.5241,380,0.892
kitti_mini,000019,0.0,0.7256,324,0.9992
kitti_mini,000019,0.25,0.7138,317,0.9907
kitti_mini,000019,0.5,0.6597,318,0.9815
kitti_mini,000019,1.0,0.636,326,0.9623
kitti_mini,000019,2.0,0.6115,328,0.9138
kitti_mini,000021,0.0,0.6164,361,0.9962
kitti_mini,000021,0.25,0.5681,411,0.9988
kitti_mini,000021,0.5,0.5626,410,0.9981
kitti_mini,000021,1.0,0.5267,444,0.9727
kitti_mini,000021,2.0,0.4539,480,0.9086
kitti_mini,000023,0.0,0.6401,740,1.0
kitti_mini,000023,0.25,0.6411,771,0.9252
kitti_mini,000023,0.5,0.6485,756,0.785
kitti_mini,000023,1.0,0.643,775,0.4673
kitti_mini,000023,2.0,0.6225,780,0.0935
kitti_mini,000025,0.0,0.7039,897,0.9988
kitti_mini,000025,0.25,0.6999,913,0.9953
kitti_mini,000025,0.5,0.6927,921,0.9757
kitti_mini,000025,1.0,0.6578,910,0.9359
kitti_mini,000025,2.0,0.6414,941,0.8333
kitti_mini,000031,0.0,0.676,884,1.0
kitti_mini,000031,0.25,0.6744,861,0.9984
kitti_mini,000031,0.5,0.6416,865,0.9889
kitti_mini,000031,1.0,0.5961,862,0.9567
kitti_mini,000031,2.0,0.5328,932,0.8582
kitti_mini,000032,0.0,0.6439,995,0.9996
kitti_mini,000032,0.25,0.6353,1003,0.9994
kitti_mini,000032,0.5,0.632,1003,0.9952
kitti_mini,000032,1.0,0.5936,993,0.9771
kitti_mini,000032,2.0,0.5195,989,0.9274
kitti_mini,000043,0.0,0.6851,525,0.9786
kitti_mini,000043,0.25,0.6787,519,0.9319
kitti_mini,000043,0.5,0.6357,520,0.8152
kitti_mini,000043,1.0,0.5652,507,0.4903
kitti_mini,000043,2.0,0.5828,506,0.0331
kitti_mini,000048,0.0,0.7796,1939,0.9204
kitti_mini,000048,0.25,0.7807,1935,0.8532
kitti_mini,000048,0.5,0.7681,1939,0.7114
kitti_mini,000048,1.0,0.7629,1925,0.3532
kitti_mini,000048,2.0,0.751,1878,0.005
kitti_mini,000049,0.0,0.691,1013,0.9925
kitti_mini,000049,0.25,0.68,1011,0.9888
kitti_mini,000049,0.5,0.6528,1018,0.975
kitti_mini,000049,1.0,0.6038,1038,0.9337
kitti_mini,000049,2.0,0.5837,1025,0.8389
kitti_mini,000061,0.0,0.2935,407,1.0
kitti_mini,000061,0.25,0.2563,405,0.9834
kitti_mini,000061,0.5,0.2316,400,0.9683
kitti_mini,000061,1.0,0.2223,401,0.9113
kitti_mini,000061,2.0,0.2359,389,0.7773
