dataset,frame,scene,ego_motion,edge_score,n_edge_points,hit_ratio
nuscenes,scene-0103_000,scene-0103,True,0.4155,12,1.0
nuscenes,scene-0103_000,scene-0103,False,0.3435,17,1.0
nuscenes,scene-0103_001,scene-0103,True,0.3472,24,1.0
nuscenes,scene-0103_001,scene-0103,False,0.2499,32,1.0
nuscenes,scene-0103_002,scene-0103,True,0.3842,14,1.0
nuscenes,scene-0103_002,scene-0103,False,0.2744,24,1.0
nuscenes,scene-0103_003,scene-0103,True,0.6569,11,1.0
nuscenes,scene-0103_003,scene-0103,False,0.4728,14,1.0
nuscenes,scene-0103_004,scene-0103,True,0.5266,5,1.0
nuscenes,scene-0103_004,scene-0103,False,0.3563,6,1.0
nuscenes,scene-0103_005,scene-0103,True,0.4227,3,1.0
nuscenes,scene-0103_005,scene-0103,False,0.4836,3,1.0
nuscenes,scene-0103_006,scene-0103,True,0.4083,2,0.9846
nuscenes,scene-0103_006,scene-0103,False,0.465,3,1.0
nuscenes,scene-0103_007,scene-0103,True,,0,1.0
nuscenes,scene-0103_007,scene-0103,False,0.2722,3,1.0
nuscenes,scene-0103_008,scene-0103,True,0.1901,5,1.0
nuscenes,scene-0103_008,scene-0103,False,0.4307,6,1.0
nuscenes,scene-0103_009,scene-0103,True,0.1151,10,1.0
nuscenes,scene-0103_009,scene-0103,False,0.1034,10,1.0
nuscenes,scene-0103_010,scene-0103,True,0.001,13,1.0
nuscenes,scene-0103_010,scene-0103,False,0.0365,17,1.0
nuscenes,scene-0103_011,scene-0103,True,0.0988,16,1.0
nuscenes,scene-0103_011,scene-0103,False,0.106,18,1.0
nuscenes,scene-0103_012,scene-0103,True,0.0398,16,1.0
nuscenes,scene-0103_012,scene-0103,False,0.0551,23,1.0
nuscenes,scene-0103_013,scene-0103,True,0.055,20,1.0
nuscenes,scene-0103_013,scene-0103,False,0.0588,21,1.0
nuscenes,scene-0103_014,scene-0103,True,0.1909,20,1.0
nuscenes,scene-0103_014,scene-0103,False,0.1375,27,1.0
nuscenes,scene-0103_015,scene-0103,True,0.1003,24,1.0
nuscenes,scene-0103_015,scene-0103,False,0.1091,24,0.9973
nuscenes,scene-0103_016,scene-0103,True,0.0995,22,0.994
nuscenes,scene-0103_016,scene-0103,False,0.0911,24,1.0
nuscenes,scene-0103_017,scene-0103,True,0.2627,42,0.9968
nuscenes,scene-0103_017,scene-0103,False,0.2,38,0.9968
nuscenes,scene-0103_018,scene-0103,True,0.2711,28,1.0
nuscenes,scene-0103_018,scene-0103,False,0.1909,36,1.0
nuscenes,scene-0103_019,scene-0103,True,0.1635,29,0.9963
nuscenes,scene-0103_019,scene-0103,False,0.1203,36,1.0
nuscenes,scene-0103_020,scene-0103,True,0.1312,29,1.0
nuscenes,scene-0103_020,scene-0103,False,0.1248,30,0.9959
nuscenes,scene-0103_021,scene-0103,True,0.1237,31,0.9957
nuscenes,scene-0103_021,scene-0103,False,0.1062,29,0.9957
nuscenes,scene-0103_022,scene-0103,True,0.0285,19,1.0
nuscenes,scene-0103_022,scene-0103,False,0.0292,20,1.0
nuscenes,scene-0103_023,scene-0103,True,0.0612,22,1.0
nuscenes,scene-0103_023,scene-0103,False,0.0383,20,1.0
nuscenes,scene-0103_024,scene-0103,True,0.2389,25,1.0
nuscenes,scene-0103_024,scene-0103,False,0.1223,28,1.0
nuscenes,scene-0103_025,scene-0103,True,0.1882,23,1.0
nuscenes,scene-0103_025,scene-0103,False,0.0979,23,1.0
nuscenes,scene-0103_026,scene-0103,True,0.1316,27,1.0
nuscenes,scene-0103_026,scene-0103,False,0.1204,33,1.0
nuscenes,scene-0103_027,scene-0103,True,0.0481,20,1.0
nuscenes,scene-0103_027,scene-0103,False,0.0759,25,1.0
nuscenes,scene-0103_028,scene-0103,True,0.0566,17,1.0
nuscenes,scene-0103_028,scene-0103,False,0.0623,25,1.0
nuscenes,scene-0103_029,scene-0103,True,0.2378,15,1.0
nuscenes,scene-0103_029,scene-0103,False,0.172,17,1.0
nuscenes,scene-0103_030,scene-0103,True,0.1364,17,1.0
nuscenes,scene-0103_030,scene-0103,False,0.147,13,1.0
nuscenes,scene-0103_031,scene-0103,True,0.0976,10,1.0
nuscenes,scene-0103_031,scene-0103,False,0.0927,11,1.0
nuscenes,scene-0103_032,scene-0103,True,0.1599,10,1.0
nuscenes,scene-0103_032,scene-0103,False,0.1135,14,1.0
nuscenes,scene-0103_033,scene-0103,True,0.1369,8,1.0
nuscenes,scene-0103_033,scene-0103,False,0.1916,9,1.0
nuscenes,scene-0103_034,scene-0103,True,0.3249,6,0.9977
nuscenes,scene-0103_034,scene-0103,False,0.2184,7,1.0
nuscenes,scene-0103_035,scene-0103,True,0.2474,7,0.9974
nuscenes,scene-0103_035,scene-0103,False,0.1954,10,1.0
nuscenes,scene-0103_036,scene-0103,True,0.3687,9,1.0
nuscenes,scene-0103_036,scene-0103,False,0.1873,11,1.0
nuscenes,scene-0103_037,scene-0103,True,0.0,4,0.9971
nuscenes,scene-0103_037,scene-0103,False,0.1633,5,0.9969
nuscenes,scene-0103_038,scene-0103,True,0.25,4,0.9975
nuscenes,scene-0103_038,scene-0103,False,0.1528,5,1.0
nuscenes,scene-0103_039,scene-0103,True,0.2263,8,1.0
nuscenes,scene-0103_039,scene-0103,False,0.342,7,1.0
nuscenes,scene-1094_000,scene-1094,True,0.3323,28,1.0
nuscenes,scene-1094_000,scene-1094,False,0.3507,29,1.0
nuscenes,scene-1094_001,scene-1094,True,0.3753,28,1.0
nuscenes,scene-1094_001,scene-1094,False,0.3734,26,1.0
nuscenes,scene-1094_002,scene-1094,True,0.2942,21,1.0
nuscenes,scene-1094_002,scene-1094,False,0.3044,23,1.0
nuscenes,scene-1094_003,scene-1094,True,0.3913,23,1.0
nuscenes,scene-1094_003,scene-1094,False,0.3923,21,0.9981
nuscenes,scene-1094_004,scene-1094,True,0.4634,20,1.0
nuscenes,scene-1094_004,scene-1094,False,0.489,21,1.0
nuscenes,scene-1094_005,scene-1094,True,0.5127,25,1.0
nuscenes,scene-1094_005,scene-1094,False,0.4111,30,0.9981
nuscenes,scene-1094_006,scene-1094,True,0.5322,20,1.0
nuscenes,scene-1094_006,scene-1094,False,0.467,23,1.0
nuscenes,scene-1094_007,scene-1094,True,0.587,22,1.0
nuscenes,scene-1094_007,scene-1094,False,0.5739,23,1.0
nuscenes,scene-1094_008,scene-1094,True,0.4167,18,1.0
nuscenes,scene-1094_008,scene-1094,False,0.5687,21,1.0
nuscenes,scene-1094_009,scene-1094,True,0.6739,21,1.0
nuscenes,scene-1094_009,scene-1094,False,0.7227,24,1.0
nuscenes,scene-1094_010,scene-1094,True,0.453,25,1.0
nuscenes,scene-1094_010,scene-1094,False,0.3965,27,1.0
nuscenes,scene-1094_011,scene-1094,True,0.2883,20,1.0
nuscenes,scene-1094_011,scene-1094,False,0.2463,18,1.0
nuscenes,scene-1094_012,scene-1094,True,0.1555,36,1.0
nuscenes,scene-1094_012,scene-1094,False,0.1422,37,1.0
nuscenes,scene-1094_013,scene-1094,True,0.3729,25,0.9979
nuscenes,scene-1094_013,scene-1094,False,0.3188,21,1.0
nuscenes,scene-1094_014,scene-1094,True,0.5523,8,1.0
nuscenes,scene-1094_014,scene-1094,False,0.5007,6,1.0
nuscenes,scene-1094_015,scene-1094,True,0.3732,14,1.0
nuscenes,scene-1094_015,scene-1094,False,0.1707,13,0.9978
nuscenes,scene-1094_016,scene-1094,True,0.2249,11,0.9944
nuscenes,scene-1094_016,scene-1094,False,0.4118,15,1.0
nuscenes,scene-1094_017,scene-1094,True,0.3677,9,1.0
nuscenes,scene-1094_017,scene-1094,False,0.353,15,0.9931
nuscenes,scene-1094_018,scene-1094,True,0.2742,12,1.0
nuscenes,scene-1094_018,scene-1094,False,0.2857,14,1.0
nuscenes,scene-1094_019,scene-1094,True,0.2921,11,1.0
nuscenes,scene-1094_019,scene-1094,False,0.2874,9,1.0
nuscenes,scene-1094_020,scene-1094,True,0.3063,7,1.0
nuscenes,scene-1094_020,scene-1094,False,0.2914,13,1.0
nuscenes,scene-1094_021,scene-1094,True,0.259,19,1.0
nuscenes,scene-1094_021,scene-1094,False,0.2178,22,1.0
nuscenes,scene-1094_022,scene-1094,True,0.2024,26,1.0
nuscenes,scene-1094_022,scene-1094,False,0.0997,34,1.0
nuscenes,scene-1094_023,scene-1094,True,0.0801,28,1.0
nuscenes,scene-1094_023,scene-1094,False,0.0711,33,0.9459
nuscenes,scene-1094_024,scene-1094,True,0.2888,18,1.0
nuscenes,scene-1094_024,scene-1094,False,0.1764,22,1.0
nuscenes,scene-1094_025,scene-1094,True,0.2447,16,1.0
nuscenes,scene-1094_025,scene-1094,False,0.1758,20,1.0
nuscenes,scene-1094_026,scene-1094,True,0.2531,12,1.0
nuscenes,scene-1094_026,scene-1094,False,0.1486,14,1.0
nuscenes,scene-1094_027,scene-1094,True,0.0929,16,1.0
nuscenes,scene-1094_027,scene-1094,False,0.1048,18,1.0
nuscenes,scene-1094_028,scene-1094,True,0.1599,19,1.0
nuscenes,scene-1094_028,scene-1094,False,0.2841,17,1.0
nuscenes,scene-1094_029,scene-1094,True,0.4622,14,1.0
nuscenes,scene-1094_029,scene-1094,False,0.1925,13,1.0
nuscenes,scene-1094_030,scene-1094,True,0.2962,17,1.0
nuscenes,scene-1094_030,scene-1094,False,0.1575,22,1.0
nuscenes,scene-1094_031,scene-1094,True,0.1031,29,1.0
nuscenes,scene-1094_031,scene-1094,False,0.1094,31,1.0
nuscenes,scene-1094_032,scene-1094,True,0.1787,20,1.0
nuscenes,scene-1094_032,scene-1094,False,0.2491,28,1.0
nuscenes,scene-1094_033,scene-1094,True,0.0179,22,1.0
nuscenes,scene-1094_033,scene-1094,False,0.1726,30,0.9677
nuscenes,scene-1094_034,scene-1094,True,0.1636,15,1.0
nuscenes,scene-1094_034,scene-1094,False,0.1778,29,1.0
nuscenes,scene-1094_035,scene-1094,True,0.1008,23,1.0
nuscenes,scene-1094_035,scene-1094,False,0.115,26,1.0
nuscenes,scene-1094_036,scene-1094,True,0.147,25,1.0
nuscenes,scene-1094_036,scene-1094,False,0.1639,31,1.0
nuscenes,scene-1094_037,scene-1094,True,0.2021,14,1.0
nuscenes,scene-1094_037,scene-1094,False,0.2132,21,1.0
nuscenes,scene-1094_038,scene-1094,True,0.1039,16,1.0
nuscenes,scene-1094_038,scene-1094,False,0.0051,15,1.0
nuscenes,scene-1094_039,scene-1094,True,0.0985,22,1.0
nuscenes,scene-1094_039,scene-1094,False,0.0941,21,1.0
