dataset,frame,n_points,stage,run,ms
kitti_mini,000011,108004,projection,1,11.083
kitti_mini,000011,108004,projection,2,11.683
kitti_mini,000011,108004,projection,3,11.397
kitti_mini,000011,108004,projection,4,11.164
kitti_mini,000011,108004,projection,5,11.275
kitti_mini,000011,108004,projection,6,11.772
kitti_mini,000011,108004,projection,7,11.394
kitti_mini,000011,108004,projection,8,11.281
kitti_mini,000011,108004,projection,9,11.35
kitti_mini,000011,108004,projection,10,10.942
kitti_mini,000011,108004,projection,11,10.957
kitti_mini,000011,108004,projection,12,10.855
kitti_mini,000011,108004,projection,13,10.585
kitti_mini,000011,108004,projection,14,12.294
kitti_mini,000011,108004,projection,15,12.333
kitti_mini,000011,108004,projection,16,11.166
kitti_mini,000011,108004,projection,17,13.851
kitti_mini,000011,108004,projection,18,11.526
kitti_mini,000011,108004,projection,19,11.317
kitti_mini,000011,108004,projection,20,11.05
kitti_mini,000011,108004,projection,21,11.218
kitti_mini,000011,108004,projection,22,10.95
kitti_mini,000011,108004,projection,23,11.146
kitti_mini,000011,108004,projection,24,11.167
kitti_mini,000011,108004,projection,25,11.033
kitti_mini,000011,108004,projection,26,11.975
kitti_mini,000011,108004,projection,27,18.427
kitti_mini,000011,108004,projection,28,20.201
kitti_mini,000011,108004,projection,29,18.694
kitti_mini,000011,108004,projection,30,17.114
kitti_mini,000011,108004,projection,31,17.098
kitti_mini,000011,108004,projection,32,16.192
kitti_mini,000011,108004,projection,33,12.496
kitti_mini,000011,108004,projection,34,13.616
kitti_mini,000011,108004,projection,35,12.302
kitti_mini,000011,108004,projection,36,13.964
kitti_mini,000011,108004,projection,37,13.767
kitti_mini,000011,108004,projection,38,13.7
kitti_mini,000011,108004,projection,39,12.657
kitti_mini,000011,108004,projection,40,12.745
kitti_mini,000011,108004,projection,41,13.374
kitti_mini,000011,108004,projection,42,15.082
kitti_mini,000011,108004,projection,43,22.111
kitti_mini,000011,108004,projection,44,17.785
kitti_mini,000011,108004,projection,45,17.064
kitti_mini,000011,108004,projection,46,14.822
kitti_mini,000011,108004,projection,47,16.092
kitti_mini,000011,108004,projection,48,17.46
kitti_mini,000011,108004,projection,49,15.353
kitti_mini,000011,108004,projection,50,16.605
kitti_mini,000011,108004,qa_check,1,62.822
kitti_mini,000011,108004,qa_check,2,62.881
kitti_mini,000011,108004,qa_check,3,57.224
kitti_mini,000011,108004,qa_check,4,54.117
kitti_mini,000011,108004,qa_check,5,55.636
kitti_mini,000011,108004,qa_check,6,53.412
kitti_mini,000011,108004,qa_check,7,54.108
kitti_mini,000011,108004,qa_check,8,54.989
kitti_mini,000011,108004,qa_check,9,51.477
kitti_mini,000011,108004,qa_check,10,54.478
kitti_mini,000011,108004,qa_check,11,52.842
kitti_mini,000011,108004,qa_check,12,54.571
kitti_mini,000011,108004,qa_check,13,52.98
kitti_mini,000011,108004,qa_check,14,55.101
kitti_mini,000011,108004,qa_check,15,53.888
kitti_mini,000011,108004,qa_check,16,53.759
kitti_mini,000011,108004,qa_check,17,54.065
kitti_mini,000011,108004,qa_check,18,54.585
kitti_mini,000011,108004,qa_check,19,52.877
kitti_mini,000011,108004,qa_check,20,62.17
kitti_mini,000011,108004,qa_check,21,61.105
kitti_mini,000011,108004,qa_check,22,57.694
kitti_mini,000011,108004,qa_check,23,54.495
kitti_mini,000011,108004,qa_check,24,54.076
kitti_mini,000011,108004,qa_check,25,57.646
kitti_mini,000011,108004,qa_check,26,52.42
kitti_mini,000011,108004,qa_check,27,55.804
kitti_mini,000011,108004,qa_check,28,53.982
kitti_mini,000011,108004,qa_check,29,55.268
kitti_mini,000011,108004,qa_check,30,53.224
kitti_mini,000011,108004,qa_check,31,52.908
kitti_mini,000011,108004,qa_check,32,53.285
kitti_mini,000011,108004,qa_check,33,53.035
kitti_mini,000011,108004,qa_check,34,53.995
kitti_mini,000011,108004,qa_check,35,53.632
kitti_mini,000011,108004,qa_check,36,55.932
kitti_mini,000011,108004,qa_check,37,53.833
kitti_mini,000011,108004,qa_check,38,57.802
kitti_mini,000011,108004,qa_check,39,53.717
kitti_mini,000011,108004,qa_check,40,54.133
kitti_mini,000011,108004,qa_check,41,52.739
kitti_mini,000011,108004,qa_check,42,53.742
kitti_mini,000011,108004,qa_check,43,55.77
kitti_mini,000011,108004,qa_check,44,54.942
kitti_mini,000011,108004,qa_check,45,54.411
kitti_mini,000011,108004,qa_check,46,55.603
kitti_mini,000011,108004,qa_check,47,55.875
kitti_mini,000011,108004,qa_check,48,54.942
kitti_mini,000011,108004,qa_check,49,54.825
kitti_mini,000011,108004,qa_check,50,56.014
nuscenes_mini_subset,scene-0103_010,34720,projection,1,2.478
nuscenes_mini_subset,scene-0103_010,34720,projection,2,2.517
nuscenes_mini_subset,scene-0103_010,34720,projection,3,2.454
nuscenes_mini_subset,scene-0103_010,34720,projection,4,2.489
nuscenes_mini_subset,scene-0103_010,34720,projection,5,2.51
nuscenes_mini_subset,scene-0103_010,34720,projection,6,2.838
nuscenes_mini_subset,scene-0103_010,34720,projection,7,3.055
nuscenes_mini_subset,scene-0103_010,34720,projection,8,2.519
nuscenes_mini_subset,scene-0103_010,34720,projection,9,2.346
nuscenes_mini_subset,scene-0103_010,34720,projection,10,2.512
nuscenes_mini_subset,scene-0103_010,34720,projection,11,2.473
nuscenes_mini_subset,scene-0103_010,34720,projection,12,2.726
nuscenes_mini_subset,scene-0103_010,34720,projection,13,2.599
nuscenes_mini_subset,scene-0103_010,34720,projection,14,2.573
nuscenes_mini_subset,scene-0103_010,34720,projection,15,2.652
nuscenes_mini_subset,scene-0103_010,34720,projection,16,2.539
nuscenes_mini_subset,scene-0103_010,34720,projection,17,2.544
nuscenes_mini_subset,scene-0103_010,34720,projection,18,2.594
nuscenes_mini_subset,scene-0103_010,34720,projection,19,2.558
nuscenes_mini_subset,scene-0103_010,34720,projection,20,2.547
nuscenes_mini_subset,scene-0103_010,34720,projection,21,2.543
nuscenes_mini_subset,scene-0103_010,34720,projection,22,2.542
nuscenes_mini_subset,scene-0103_010,34720,projection,23,2.539
nuscenes_mini_subset,scene-0103_010,34720,projection,24,2.554
nuscenes_mini_subset,scene-0103_010,34720,projection,25,3.57
nuscenes_mini_subset,scene-0103_010,34720,projection,26,3.018
nuscenes_mini_subset,scene-0103_010,34720,projection,27,2.591
nuscenes_mini_subset,scene-0103_010,34720,projection,28,2.575
nuscenes_mini_subset,scene-0103_010,34720,projection,29,2.525
nuscenes_mini_subset,scene-0103_010,34720,projection,30,2.59
nuscenes_mini_subset,scene-0103_010,34720,projection,31,2.817
nuscenes_mini_subset,scene-0103_010,34720,projection,32,2.552
nuscenes_mini_subset,scene-0103_010,34720,projection,33,2.64
nuscenes_mini_subset,scene-0103_010,34720,projection,34,2.559
nuscenes_mini_subset,scene-0103_010,34720,projection,35,2.567
nuscenes_mini_subset,scene-0103_010,34720,projection,36,2.573
nuscenes_mini_subset,scene-0103_010,34720,projection,37,2.663
nuscenes_mini_subset,scene-0103_010,34720,projection,38,2.836
nuscenes_mini_subset,scene-0103_010,34720,projection,39,2.692
nuscenes_mini_subset,scene-0103_010,34720,projection,40,2.596
nuscenes_mini_subset,scene-0103_010,34720,projection,41,2.558
nuscenes_mini_subset,scene-0103_010,34720,projection,42,2.534
nuscenes_mini_subset,scene-0103_010,34720,projection,43,2.61
nuscenes_mini_subset,scene-0103_010,34720,projection,44,2.925
nuscenes_mini_subset,scene-0103_010,34720,projection,45,2.882
nuscenes_mini_subset,scene-0103_010,34720,projection,46,2.538
nuscenes_mini_subset,scene-0103_010,34720,projection,47,2.549
nuscenes_mini_subset,scene-0103_010,34720,projection,48,2.515
nuscenes_mini_subset,scene-0103_010,34720,projection,49,2.544
nuscenes_mini_subset,scene-0103_010,34720,projection,50,2.978
nuscenes_mini_subset,scene-0103_010,34720,qa_check,1,25.834
nuscenes_mini_subset,scene-0103_010,34720,qa_check,2,27.138
nuscenes_mini_subset,scene-0103_010,34720,qa_check,3,27.525
nuscenes_mini_subset,scene-0103_010,34720,qa_check,4,22.456
nuscenes_mini_subset,scene-0103_010,34720,qa_check,5,21.922
nuscenes_mini_subset,scene-0103_010,34720,qa_check,6,21.587
nuscenes_mini_subset,scene-0103_010,34720,qa_check,7,21.597
nuscenes_mini_subset,scene-0103_010,34720,qa_check,8,21.796
nuscenes_mini_subset,scene-0103_010,34720,qa_check,9,21.523
nuscenes_mini_subset,scene-0103_010,34720,qa_check,10,20.901
nuscenes_mini_subset,scene-0103_010,34720,qa_check,11,20.073
nuscenes_mini_subset,scene-0103_010,34720,qa_check,12,21.444
nuscenes_mini_subset,scene-0103_010,34720,qa_check,13,22.416
nuscenes_mini_subset,scene-0103_010,34720,qa_check,14,21.458
nuscenes_mini_subset,scene-0103_010,34720,qa_check,15,20.326
nuscenes_mini_subset,scene-0103_010,34720,qa_check,16,21.245
nuscenes_mini_subset,scene-0103_010,34720,qa_check,17,21.341
nuscenes_mini_subset,scene-0103_010,34720,qa_check,18,21.475
nuscenes_mini_subset,scene-0103_010,34720,qa_check,19,21.225
nuscenes_mini_subset,scene-0103_010,34720,qa_check,20,21.723
nuscenes_mini_subset,scene-0103_010,34720,qa_check,21,21.448
nuscenes_mini_subset,scene-0103_010,34720,qa_check,22,21.622
nuscenes_mini_subset,scene-0103_010,34720,qa_check,23,21.376
nuscenes_mini_subset,scene-0103_010,34720,qa_check,24,21.235
nuscenes_mini_subset,scene-0103_010,34720,qa_check,25,22.615
nuscenes_mini_subset,scene-0103_010,34720,qa_check,26,21.377
nuscenes_mini_subset,scene-0103_010,34720,qa_check,27,21.406
nuscenes_mini_subset,scene-0103_010,34720,qa_check,28,21.22
nuscenes_mini_subset,scene-0103_010,34720,qa_check,29,21.135
nuscenes_mini_subset,scene-0103_010,34720,qa_check,30,21.178
nuscenes_mini_subset,scene-0103_010,34720,qa_check,31,21.615
nuscenes_mini_subset,scene-0103_010,34720,qa_check,32,21.341
nuscenes_mini_subset,scene-0103_010,34720,qa_check,33,21.51
nuscenes_mini_subset,scene-0103_010,34720,qa_check,34,21.252
nuscenes_mini_subset,scene-0103_010,34720,qa_check,35,19.935
nuscenes_mini_subset,scene-0103_010,34720,qa_check,36,21.258
nuscenes_mini_subset,scene-0103_010,34720,qa_check,37,21.498
nuscenes_mini_subset,scene-0103_010,34720,qa_check,38,21.278
nuscenes_mini_subset,scene-0103_010,34720,qa_check,39,23.207
nuscenes_mini_subset,scene-0103_010,34720,qa_check,40,21.22
nuscenes_mini_subset,scene-0103_010,34720,qa_check,41,21.252
nuscenes_mini_subset,scene-0103_010,34720,qa_check,42,21.416
nuscenes_mini_subset,scene-0103_010,34720,qa_check,43,21.248
nuscenes_mini_subset,scene-0103_010,34720,qa_check,44,21.302
nuscenes_mini_subset,scene-0103_010,34720,qa_check,45,21.04
nuscenes_mini_subset,scene-0103_010,34720,qa_check,46,21.424
nuscenes_mini_subset,scene-0103_010,34720,qa_check,47,21.342
nuscenes_mini_subset,scene-0103_010,34720,qa_check,48,22.531
nuscenes_mini_subset,scene-0103_010,34720,qa_check,49,21.292
nuscenes_mini_subset,scene-0103_010,34720,qa_check,50,21.275
