frame,dt_cam_minus_lidar_ms,ego_shift_m,ego_rot_deg,inside_image_ego,inside_image_noego,px_shift_median,px_shift_p95,px_shift_median_0_10m,px_shift_median_10_20m,px_shift_median_20_40m,px_shift_median_40_infm,ego_speed_mps
scene-0103_000,-35.186,0.308,0.083,2984,2776,9.79,37.74,24.58,10.37,6.26,2.74,8.75
scene-0103_001,-35.621,0.297,0.085,3047,2844,9.35,36.15,22.96,8.83,5.69,2.73,8.34
scene-0103_002,-35.489,0.305,0.11,3084,2882,9.57,35.0,23.78,10.0,5.97,3.19,8.59
scene-0103_003,-35.365,0.298,0.147,3100,2899,9.7,34.39,23.06,9.18,6.45,4.2,8.43
scene-0103_004,-35.788,0.306,0.182,3062,2849,10.57,35.07,21.41,8.45,6.98,4.79,8.55
scene-0103_005,-36.226,0.309,0.156,3083,2864,11.55,43.33,26.64,8.75,6.61,3.77,8.53
scene-0103_006,-36.662,0.329,0.166,3180,2957,11.08,38.96,23.04,9.04,7.75,4.86,8.97
scene-0103_007,-36.529,0.33,0.112,3143,2902,12.83,42.7,26.71,11.18,6.16,4.57,9.03
scene-0103_008,-36.42,0.327,0.101,2968,2736,11.23,40.63,26.2,11.41,5.64,3.12,8.98
scene-0103_009,-35.747,0.323,0.083,3044,2833,8.73,37.21,23.58,10.0,6.07,2.4,9.04
scene-0103_010,-35.616,0.306,0.124,3120,2911,10.02,36.96,25.04,11.43,5.78,2.27,8.59
scene-0103_011,-35.486,0.25,0.035,3097,2907,7.76,31.01,18.79,7.91,5.13,1.59,7.05
scene-0103_012,-35.362,0.206,0.036,3023,2857,7.1,26.01,15.73,7.03,3.92,1.2,5.83
scene-0103_013,-34.621,0.169,0.014,3024,2909,6.31,21.23,12.96,5.66,3.23,0.94,4.88
scene-0103_014,-34.495,0.124,0.019,3013,2935,4.9,15.65,9.18,4.42,2.35,0.8,3.59
scene-0103_015,-34.381,0.076,0.039,2935,2885,3.56,10.41,6.68,2.87,1.6,0.91,2.21
scene-0103_016,-34.232,0.058,0.023,2951,2915,2.36,7.59,4.96,1.96,1.24,0.55,1.69
scene-0103_017,-34.33,0.057,0.014,2940,2909,2.25,7.2,4.59,1.64,1.31,0.23,1.66
scene-0103_018,-34.775,0.059,0.008,2938,2902,2.12,7.39,4.76,1.7,1.06,0.4,1.7
scene-0103_019,-35.184,0.067,0.012,2958,2915,2.35,8.37,5.41,2.11,1.11,0.49,1.9
scene-0103_020,-35.616,0.085,0.015,2990,2950,2.81,10.5,6.49,2.64,1.24,0.96,2.39
scene-0103_021,-35.818,0.094,0.019,2996,2948,3.3,11.0,6.98,3.22,1.37,0.86,2.62
scene-0103_022,-37.76,0.118,0.032,2943,2885,4.08,13.79,8.86,3.94,1.85,0.89,3.13
scene-0103_023,-36.132,0.123,0.012,2992,2915,3.92,14.21,9.02,3.54,2.1,1.32,3.4
scene-0103_024,-35.993,0.142,0.02,2952,2864,4.64,16.92,11.09,4.14,2.34,1.13,3.95
scene-0103_025,-35.329,0.162,0.042,2941,2854,5.65,19.22,12.22,5.27,2.82,1.19,4.59
scene-0103_026,-35.202,0.169,0.036,2882,2793,5.69,19.67,12.15,5.87,2.87,1.34,4.8
scene-0103_027,-35.086,0.189,0.061,2840,2718,6.75,23.36,15.01,6.65,3.56,1.6,5.39
scene-0103_028,-34.646,0.199,0.039,2791,2663,6.74,23.34,14.43,6.62,3.11,1.11,5.74
scene-0103_029,-34.833,0.214,0.021,2785,2659,7.18,23.83,14.46,7.56,3.28,1.49,6.14
scene-0103_030,-34.73,0.222,0.046,2826,2675,7.71,26.05,16.09,7.71,3.52,1.14,6.39
scene-0103_031,-34.589,0.233,0.064,2820,2644,7.77,27.21,16.21,7.09,4.2,1.39,6.74
scene-0103_032,-34.462,0.249,0.02,2837,2664,8.12,28.68,17.59,7.95,4.62,1.3,7.23
scene-0103_033,-34.855,0.263,0.04,2853,2663,9.28,31.25,19.88,8.31,4.22,1.35,7.55
scene-0103_034,-35.341,0.274,0.026,2844,2654,9.67,31.43,19.17,9.16,4.49,1.51,7.75
scene-0103_035,-35.302,0.285,0.052,2809,2607,10.06,32.86,20.02,9.66,5.29,1.67,8.07
scene-0103_036,-35.645,0.288,0.035,2795,2601,10.32,34.81,22.09,9.16,5.92,1.41,8.08
scene-0103_037,-35.524,0.286,0.067,2721,2516,10.93,34.61,21.84,9.81,5.34,1.71,8.05
scene-0103_038,-36.512,0.303,0.087,2734,2498,10.88,43.51,24.44,8.73,5.95,1.98,8.3
scene-0103_039,-35.823,0.291,0.087,2695,2499,10.95,35.24,22.19,10.26,5.35,2.09,8.12
scene-1094_000,-35.659,0.005,0.003,3549,3547,0.13,0.62,0.27,0.18,0.1,0.14,0.14
scene-1094_001,-35.521,0.005,0.002,3555,3552,0.11,0.65,0.33,0.18,0.06,0.12,0.14
scene-1094_002,-35.437,0.008,0.019,3551,3543,0.47,1.31,0.94,0.59,0.39,0.46,0.23
scene-1094_003,-34.719,0.022,0.011,3581,3567,0.47,2.77,1.28,0.65,0.31,0.56,0.63
scene-1094_004,-34.599,0.039,0.014,3602,3571,0.71,4.86,2.4,1.23,0.42,0.72,1.13
scene-1094_005,-35.025,0.06,0.035,3548,3498,1.15,6.89,3.63,2.03,0.64,1.43,1.71
scene-1094_006,-34.918,0.07,0.069,3602,3571,2.13,5.79,3.57,2.42,1.96,2.36,2.0
scene-1094_007,-37.683,0.11,0.088,3678,3597,2.64,9.92,6.84,3.69,2.1,2.17,2.92
scene-1094_008,-35.245,0.104,0.068,3646,3561,2.57,11.36,7.47,2.11,2.2,2.06,2.95
scene-1094_009,-35.631,0.097,0.128,3620,3548,3.73,10.59,6.61,3.15,3.11,2.72,2.72
scene-1094_010,-35.018,0.094,0.307,3592,3493,7.43,16.07,7.81,7.52,7.26,7.66,2.68
scene-1094_011,-34.853,0.097,0.529,3559,3453,11.52,19.21,10.23,10.19,11.85,13.17,2.78
scene-1094_012,-35.276,0.091,0.692,3384,3277,16.08,25.94,15.99,15.21,16.61,16.2,2.58
scene-1094_013,-35.257,0.095,0.858,3177,3070,19.49,30.08,17.97,19.28,21.32,18.85,2.69
scene-1094_014,-35.573,0.102,0.928,2899,2802,21.27,32.16,19.1,21.68,23.92,21.11,2.87
scene-1094_015,-35.995,0.123,0.854,2825,2718,20.6,35.9,22.83,18.66,20.94,20.87,3.42
scene-1094_016,-37.0,0.166,0.425,2790,2657,9.96,27.27,13.13,8.8,8.31,9.7,4.49
scene-1094_017,-37.959,0.188,0.097,2795,2653,7.46,25.84,15.89,5.03,3.54,1.62,4.95
scene-1094_018,-37.842,0.235,0.118,2766,2605,7.85,28.8,16.49,5.94,3.75,2.68,6.21
scene-1094_019,-37.727,0.245,0.148,2829,2675,9.21,31.1,18.95,7.49,3.16,3.68,6.49
scene-1094_020,-37.269,0.259,0.11,2805,2622,12.14,34.45,19.53,7.78,2.52,1.95,6.95
scene-1094_021,-36.582,0.261,0.04,2784,2623,8.88,33.62,19.78,7.88,3.0,1.73,7.13
scene-1094_022,-36.463,0.279,0.052,2873,2690,8.19,37.63,22.41,7.82,3.46,1.8,7.65
scene-1094_023,-39.535,0.323,0.085,2989,2796,9.49,36.82,23.49,9.99,4.78,2.41,8.17
scene-1094_024,-34.889,0.298,0.059,2983,2811,9.39,35.01,22.55,7.73,5.71,2.01,8.54
scene-1094_025,-34.766,0.304,0.012,2993,2813,9.47,37.85,23.45,8.82,4.73,2.05,8.74
scene-1094_026,-34.626,0.312,0.107,3004,2831,9.63,37.09,23.15,8.7,5.1,1.96,9.01
scene-1094_027,-35.095,0.324,0.101,3019,2797,10.12,41.85,25.87,8.93,5.23,2.41,9.23
scene-1094_028,-35.502,0.338,0.054,2981,2777,8.89,39.88,25.16,8.71,6.1,1.89,9.52
scene-1094_029,-35.44,0.349,0.039,3048,2862,9.63,38.87,24.01,10.31,5.72,2.9,9.85
scene-1094_030,-35.245,0.369,0.054,3095,2898,10.0,40.28,26.19,11.43,5.31,3.1,10.47
scene-1094_031,-35.112,0.37,0.032,3088,2900,10.42,40.43,26.18,11.59,6.31,2.84,10.54
scene-1094_032,-35.543,0.387,0.06,2999,2808,12.09,41.86,26.47,13.05,6.08,3.24,10.89
scene-1094_033,-35.994,0.414,0.077,3016,2802,12.85,44.43,27.81,12.53,7.64,4.14,11.5
scene-1094_034,-35.86,0.417,0.109,2856,2611,14.84,49.38,30.34,11.91,5.94,3.58,11.63
scene-1094_035,-35.423,0.427,0.053,2820,2588,12.79,52.27,29.68,10.7,7.63,3.31,12.05
scene-1094_036,-35.614,0.451,0.064,2760,2522,14.77,55.44,31.75,11.88,9.09,3.54,12.66
scene-1094_037,-36.027,0.45,0.06,2715,2488,13.75,51.73,30.82,11.81,8.26,3.71,12.49
scene-1094_038,-35.901,0.446,0.058,2624,2363,15.69,55.95,33.3,13.06,6.75,2.46,12.42
scene-1094_039,-35.228,0.451,0.014,2642,2409,13.61,58.83,33.45,10.16,5.97,2.88,12.8
